{
  "accuracy": 0.9829931972789115,
  "pr_auc": 0.9990427325402342,
  "roc_auc": 0.9994845168743091,
  "recall_at_precision_0.99": 0.9907834101382489,
  "threshold_at_precision_0.99": 0.38,
  "n_test": 588,
  "pos_rate_test": 0.36904761904761907
}